{
  "total_games": 1,
  "player1_wins": 1,
  "player2_wins": 0,
  "draws": 0,
  "avg_game_duration": 149.96746039390564,
  "avg_moves_per_game": 41,
  "metrics_history": [
    {
      "total_duration": 149.96746039390564,
      "moves_count": 41,
      "avg_decision_time": 0.00028421239155094796,
      "max_decision_time": 0.0015163421630859375,
      "unique_states_count": {
        "1": 24,
        "2": 11,
        "3": 1
      },
      "stage_durations": {
        "1": 0.008064746856689453,
        "2": 0.002545595169067383,
        "3": 0.0010423660278320312
      },
      "agent_total_duration": 0.0066335201263427734,
      "agent_avg_decision_time": 0.0004422346750895182,
      "agent_max_decision_time": 0.001504659652709961
    }
  ]
}